,batter_name,hho,bbe,hho/bbe,barrels,brl_percent,brl_pa,hh,hh/bbe,ab,hho/pa,pa,ba,est_ba,ba_dif,slg,est_slg,slg_dif,woba,est_woba,woba_dif,hho/hh,barrels/ab,hho/ab
0, Francisco Lindor,92,365,25.205479452054796,30,8.2,5.7,161,44.1,452,17.557251908396946,524,0.23,0.254,-0.0239999999999999,0.412,0.453,-0.041,0.317,0.345,-0.0279999999999999,57.14285714285714,6.637168141592921,20.353982300884958
1, Adam Duvall,67,342,19.5906432748538,55,16.1,9.9,150,43.9,513,12.072072072072073,555,0.228,0.227,0.001,0.491,0.499,-0.008,0.324,0.33,-0.006,44.666666666666664,10.721247563352826,13.060428849902534
2, Austin Riley,82,430,19.069767441860467,57,13.3,8.6,196,45.6,590,12.386706948640484,662,0.303,0.281,0.0219999999999999,0.531,0.511,0.02,0.379,0.366,0.013,41.83673469387755,9.661016949152543,13.898305084745763
3, Ozzie Albies,91,508,17.913385826771652,47,9.3,6.9,189,37.2,630,13.26530612244898,686,0.259,0.26,-0.001,0.488,0.465,0.0229999999999999,0.336,0.332,0.004,48.148148148148145,7.4603174603174605,14.444444444444443
4, Jonathan Villar,50,324,15.432098765432098,24,7.4,4.8,113,34.9,454,9.900990099009901,505,0.249,0.235,0.014,0.416,0.388,0.0279999999999999,0.32,0.307,0.013,44.24778761061947,5.286343612334802,11.013215859030836
5, Jorge Soler,90,379,23.7467018469657,48,12.7,8.0,178,47.0,516,14.950166112956811,602,0.223,0.25,-0.0269999999999999,0.432,0.494,-0.062,0.323,0.359,-0.0359999999999999,50.56179775280899,9.30232558139535,17.441860465116278
6, Dominic Smith,70,340,20.588235294117645,22,6.5,4.5,138,40.7,446,14.198782961460447,493,0.244,0.262,-0.018,0.363,0.42,-0.0569999999999999,0.291,0.325,-0.034,50.72463768115942,4.932735426008969,15.695067264573993
7, Pete Alonso,102,438,23.28767123287671,65,14.8,10.2,207,47.3,561,16.012558869701728,637,0.262,0.271,-0.009,0.519,0.542,-0.023,0.363,0.377,-0.014,49.275362318840585,11.58645276292335,18.181818181818183
8, Michael Conforto,60,304,19.736842105263158,28,9.2,5.8,120,39.5,407,12.526096033402922,479,0.232,0.253,-0.0209999999999999,0.384,0.436,-0.0519999999999999,0.322,0.35,-0.0279999999999999,50.0,6.87960687960688,14.742014742014742
9, Dansby Swanson,85,429,19.813519813519815,49,11.4,7.5,183,42.7,588,13.016845329249618,653,0.248,0.251,-0.003,0.449,0.455,-0.006,0.322,0.332,-0.01,46.44808743169399,8.333333333333332,14.45578231292517
10, Eddie Rosario,60,324,18.51851851851852,19,5.9,4.6,116,35.8,379,14.563106796116504,412,0.259,0.255,0.004,0.435,0.427,0.008,0.316,0.319,-0.003,51.724137931034484,5.013192612137203,15.8311345646438
11, Freddie Freeman,107,495,21.616161616161616,57,11.5,8.2,228,46.1,600,15.39568345323741,695,0.3,0.32,-0.02,0.503,0.583,-0.0799999999999999,0.379,0.416,-0.0369999999999999,46.92982456140351,9.5,17.833333333333336
12, Josh Rojas,47,351,13.390313390313391,17,4.8,3.1,109,31.1,484,8.545454545454545,550,0.264,0.237,0.027,0.411,0.357,0.0539999999999999,0.327,0.299,0.028,43.11926605504588,3.512396694214876,9.710743801652892
13, Ketel Marte,62,281,22.064056939501782,25,8.9,6.7,136,48.4,340,16.577540106951872,374,0.318,0.307,0.011,0.532,0.495,0.037,0.385,0.372,0.013,45.588235294117645,7.352941176470589,18.235294117647058
14, Garrett Hampson,55,340,16.176470588235293,17,5.0,3.4,106,31.2,453,11.133603238866396,494,0.234,0.236,-0.0019999999999999,0.38,0.374,0.006,0.288,0.291,-0.003,51.886792452830186,3.7527593818984544,12.141280353200882
15, Raimel Tapia,68,422,16.113744075829384,9,2.1,1.7,133,31.5,487,12.757973733583489,533,0.273,0.241,0.032,0.372,0.308,0.064,0.305,0.273,0.0319999999999999,51.127819548872175,1.8480492813141685,13.963039014373715
16, Charlie Blackmon,90,426,21.12676056338028,30,7.0,5.2,164,38.5,514,15.463917525773196,582,0.27,0.291,-0.0209999999999999,0.411,0.45,-0.039,0.333,0.359,-0.0259999999999999,54.87804878048781,5.836575875486381,17.509727626459142
17, Christian Walker,63,297,21.21212121212121,19,6.4,4.3,122,41.1,401,14.157303370786517,445,0.244,0.249,-0.005,0.382,0.386,-0.004,0.304,0.311,-0.007,51.63934426229508,4.738154613466334,15.710723192019952
18, Ryan McMahon,89,386,23.05699481865285,28,7.3,4.7,168,43.5,528,14.93288590604027,596,0.254,0.244,0.01,0.449,0.426,0.023,0.334,0.325,0.009,52.976190476190474,5.303030303030303,16.856060606060606
19, Brendan Rodgers,57,305,18.688524590163937,19,6.2,4.6,123,40.3,388,13.734939759036143,415,0.284,0.253,0.0309999999999999,0.47,0.414,0.0559999999999999,0.341,0.311,0.03,46.34146341463415,4.896907216494846,14.690721649484537
20, David Peralta,80,397,20.151133501259448,20,5.0,3.7,166,41.8,488,14.869888475836431,538,0.259,0.243,0.016,0.402,0.345,0.057,0.314,0.293,0.021,48.19277108433735,4.098360655737705,16.39344262295082
21, C.J. Cron,58,357,16.246498599439775,41,11.5,7.5,150,42.0,470,10.603290676416819,547,0.281,0.261,0.02,0.53,0.481,0.049,0.383,0.364,0.019,38.666666666666664,8.72340425531915,12.340425531914894
22, Pavin Smith,84,393,21.374045801526716,20,5.1,3.7,168,42.7,498,15.412844036697248,545,0.267,0.258,0.009,0.404,0.402,0.002,0.318,0.317,0.001,50.0,4.016064257028113,16.867469879518072
23, César Hernández,85,438,19.406392694063925,30,6.8,4.7,145,33.2,570,13.343799058084773,637,0.232,0.243,-0.0109999999999999,0.386,0.386,0.0,0.302,0.311,-0.009,58.620689655172406,5.263157894736842,14.912280701754385
24, Andrew Vaughn,81,321,25.233644859813083,35,10.9,7.5,151,47.3,417,17.270788912579956,469,0.235,0.243,-0.008,0.396,0.434,-0.0379999999999999,0.306,0.332,-0.026,53.64238410596026,8.393285371702639,19.424460431654676
25, Akil Baddoo,48,294,16.3265306122449,26,8.8,5.6,95,32.3,413,10.412147505422993,461,0.259,0.227,0.032,0.436,0.403,0.0329999999999999,0.329,0.309,0.02,50.526315789473685,6.2953995157385,11.62227602905569
26, Willi Castro,48,310,15.483870967741936,16,5.2,3.6,91,29.4,413,10.666666666666668,450,0.22,0.244,-0.0239999999999999,0.351,0.364,-0.013,0.271,0.291,-0.0199999999999999,52.74725274725275,3.87409200968523,11.62227602905569
27, Leury García,53,332,15.963855421686745,11,3.3,2.3,108,32.5,415,11.181434599156118,474,0.267,0.24,0.027,0.376,0.336,0.0399999999999999,0.312,0.291,0.021,49.074074074074076,2.6506024096385543,12.771084337349398
28, Yoán Moncada,72,365,19.726027397260275,30,8.2,4.9,149,41.2,520,11.688311688311687,616,0.263,0.261,0.002,0.412,0.426,-0.014,0.347,0.353,-0.006,48.322147651006716,5.769230769230769,13.846153846153847
29, Tim Anderson,76,409,18.581907090464547,32,7.8,5.8,171,42.3,527,13.793103448275861,551,0.309,0.284,0.025,0.469,0.448,0.0209999999999999,0.345,0.329,0.0159999999999999,44.44444444444444,6.072106261859583,14.421252371916509
30, Odúbel Herrera,88,379,23.218997361477573,18,4.7,3.7,152,40.1,450,17.88617886178862,492,0.26,0.252,0.008,0.416,0.378,0.0379999999999999,0.312,0.302,0.01,57.89473684210527,4.0,19.555555555555557
31, Jazz Chisholm Jr.,68,324,20.98765432098765,29,9.0,5.7,136,42.0,464,13.41222879684418,507,0.248,0.238,0.01,0.425,0.409,0.016,0.312,0.307,0.005,50.0,6.25,14.655172413793101
32, Freddy Galvis,44,284,15.492957746478872,14,4.9,3.6,90,31.7,356,11.16751269035533,394,0.242,0.222,0.0199999999999999,0.407,0.35,0.0569999999999999,0.305,0.28,0.0249999999999999,48.888888888888886,3.932584269662921,12.359550561797752
33, J.T. Realmuto,74,349,21.20343839541547,30,8.6,5.6,156,44.7,476,13.780260707635009,537,0.263,0.253,0.01,0.439,0.416,0.023,0.336,0.329,0.007,47.43589743589743,6.302521008403361,15.546218487394958
34, Ronald Torreyes,15,283,5.30035335689046,1,0.4,0.3,40,14.1,318,4.3604651162790695,344,0.242,0.233,0.0089999999999999,0.346,0.299,0.0469999999999999,0.274,0.256,0.018,37.5,0.3144654088050315,4.716981132075472
35, Alec Bohm,68,273,24.90842490842491,18,6.6,4.3,135,49.5,380,16.30695443645084,417,0.247,0.261,-0.014,0.342,0.392,-0.0499999999999999,0.285,0.313,-0.028,50.37037037037037,4.736842105263158,17.894736842105264
36, Didi Gregorius,46,308,14.935064935064934,7,2.3,1.7,82,26.6,368,11.27450980392157,408,0.209,0.225,-0.016,0.37,0.329,0.0409999999999999,0.275,0.275,0.0,56.09756097560976,1.9021739130434785,12.5
37, Andrew McCutchen,76,357,21.288515406162464,32,9.0,5.6,141,39.5,482,13.240418118466899,574,0.222,0.24,-0.0179999999999999,0.444,0.431,0.013,0.335,0.344,-0.0089999999999999,53.90070921985816,6.639004149377594,15.767634854771783
38, Bryce Harper,78,360,21.666666666666668,65,18.1,10.9,179,49.7,488,13.02170283806344,599,0.309,0.301,0.008,0.615,0.609,0.006,0.431,0.43,0.001,43.575418994413404,13.319672131147541,15.983606557377051
39, Yuli Gurriel,95,474,20.042194092827003,16,3.4,2.6,199,42.0,530,15.702479338842975,605,0.319,0.271,0.0479999999999999,0.462,0.386,0.076,0.363,0.326,0.0369999999999999,47.73869346733669,3.018867924528302,17.92452830188679
40, Yordan Alvarez,105,395,26.582278481012654,63,15.9,10.5,214,54.2,537,17.558528428093645,598,0.277,0.279,-0.002,0.531,0.57,-0.0389999999999999,0.369,0.389,-0.02,49.06542056074766,11.731843575418994,19.553072625698324
41, Jose Altuve,84,517,16.247582205029012,33,6.4,4.9,181,35.0,601,12.389380530973451,678,0.278,0.262,0.016,0.489,0.421,0.068,0.357,0.332,0.0249999999999999,46.408839779005525,5.490848585690515,13.976705490848584
42, Yan Gomes,55,272,20.22058823529412,24,8.8,6.4,104,38.2,349,14.666666666666666,375,0.252,0.28,-0.028,0.421,0.469,-0.0479999999999999,0.308,0.341,-0.033,52.88461538461539,6.876790830945559,15.759312320916905
43, Kyle Tucker,105,421,24.94061757719715,49,11.6,8.6,200,47.5,506,18.51851851851852,567,0.294,0.303,-0.009,0.557,0.576,-0.0189999999999999,0.383,0.396,-0.013,52.5,9.683794466403162,20.75098814229249
44, Carlos Correa,88,445,19.775280898876403,42,9.4,6.6,190,42.7,556,13.750000000000002,640,0.279,0.296,-0.0169999999999999,0.485,0.482,0.003,0.364,0.373,-0.009,46.31578947368421,7.553956834532374,15.827338129496402
45, Matt Olson,125,463,26.997840172786177,59,12.7,8.8,226,48.8,565,18.573551263001487,673,0.271,0.264,0.007,0.54,0.507,0.033,0.379,0.378,0.001,55.309734513274336,10.442477876106194,22.123893805309734
46, Mark Canha,68,393,17.302798982188293,28,7.1,4.5,139,35.4,519,10.879999999999999,625,0.231,0.231,0.0,0.387,0.378,0.009,0.333,0.332,0.001,48.92086330935252,5.394990366088632,13.102119460500964
47, Tony Kemp,29,288,10.069444444444445,3,1.0,0.8,63,21.9,330,7.304785894206549,397,0.279,0.25,0.029,0.418,0.349,0.069,0.351,0.321,0.0299999999999999,46.03174603174603,0.9090909090909091,8.787878787878787
48, Michael Brantley,90,417,21.58273381294964,24,5.8,4.7,179,42.9,469,17.716535433070867,508,0.311,0.312,-0.001,0.437,0.466,-0.029,0.347,0.361,-0.014,50.27932960893855,5.11727078891258,19.189765458422176
49, Whit Merrifield,89,573,15.532286212914483,20,3.5,2.8,165,28.8,664,12.36111111111111,720,0.277,0.263,0.014,0.395,0.383,0.012,0.306,0.301,0.005,53.939393939393945,3.0120481927710845,13.403614457831326
50, Andrew Benintendi,89,403,22.084367245657567,36,8.9,6.7,174,43.2,493,16.54275092936803,538,0.276,0.261,0.015,0.442,0.456,-0.014,0.328,0.331,-0.003,51.14942528735632,7.302231237322515,18.052738336713997
51, Andrelton Simmons,40,354,11.299435028248588,2,0.6,0.4,77,21.8,412,8.869179600886918,451,0.223,0.23,-0.007,0.274,0.281,-0.007,0.252,0.261,-0.009,51.94805194805194,0.48543689320388345,9.70873786407767
52, Michael A. Taylor,80,346,23.121387283236995,23,6.6,4.4,139,40.2,483,15.151515151515152,528,0.244,0.246,-0.002,0.356,0.39,-0.034,0.286,0.3,-0.014,57.55395683453237,4.761904761904762,16.563146997929607
53, Hunter Dozier,81,339,23.893805309734514,30,8.8,5.5,143,42.2,487,14.917127071823206,543,0.216,0.224,-0.008,0.394,0.388,0.006,0.293,0.299,-0.006,56.64335664335665,6.160164271047227,16.632443531827516
54, Carlos Santana,114,468,24.358974358974358,32,6.8,4.9,196,41.9,566,17.298937784522003,659,0.214,0.244,-0.03,0.342,0.421,-0.0789999999999999,0.294,0.335,-0.041,58.16326530612245,5.6537102473498235,20.141342756183743
55, Miguel Sanó,74,288,25.694444444444443,51,17.7,9.6,161,55.9,470,13.909774436090224,532,0.223,0.216,0.007,0.466,0.439,0.027,0.332,0.322,0.01,45.962732919254655,10.851063829787234,15.74468085106383
56, Max Kepler,83,334,24.850299401197603,36,10.8,7.3,142,42.5,426,16.93877551020408,490,0.211,0.255,-0.044,0.413,0.452,-0.039,0.309,0.347,-0.0379999999999999,58.45070422535211,8.450704225352112,19.483568075117372
57, Josh Donaldson,100,351,28.49002849002849,61,17.4,11.2,185,52.7,457,18.41620626151013,543,0.247,0.269,-0.022,0.475,0.542,-0.067,0.353,0.388,-0.035,54.054054054054056,13.347921225382933,21.88183807439825
58, Salvador Perez,121,454,26.651982378854626,74,16.3,11.1,255,56.2,620,18.195488721804512,665,0.273,0.276,-0.003,0.544,0.565,-0.0209999999999999,0.359,0.374,-0.015,47.45098039215686,11.935483870967742,19.516129032258064
59, Jorge Polanco,85,476,17.857142857142858,48,10.1,7.5,178,37.4,588,13.198757763975156,644,0.269,0.267,0.002,0.503,0.488,0.015,0.349,0.348,0.001,47.752808988764045,8.16326530612245,14.45578231292517
60, Luis Arraez,55,386,14.248704663212436,9,2.3,1.9,118,30.6,429,11.482254697286013,479,0.294,0.295,-0.001,0.376,0.411,-0.0349999999999999,0.321,0.337,-0.016,46.61016949152542,2.097902097902098,12.82051282051282
61, Nicky Lopez,59,438,13.470319634703195,3,0.7,0.5,118,26.9,497,10.442477876106194,565,0.3,0.239,0.061,0.378,0.305,0.073,0.329,0.283,0.046,50.0,0.6036217303822937,11.87122736418511
62, Jackie Bradley Jr.,59,258,22.868217054263564,13,5.0,3.0,104,40.3,387,13.785046728971961,428,0.163,0.194,-0.031,0.261,0.29,-0.0289999999999999,0.224,0.253,-0.0289999999999999,56.730769230769226,3.359173126614987,15.245478036175712
63, Gavin Lux,58,254,22.83464566929134,10,3.9,2.6,102,40.2,336,15.223097112860891,381,0.242,0.26,-0.018,0.364,0.387,-0.023,0.303,0.323,-0.02,56.86274509803921,2.976190476190476,17.261904761904763
64, Chris Taylor,58,344,16.86046511627907,35,10.2,6.0,131,38.1,507,9.965635738831615,582,0.254,0.237,0.017,0.438,0.422,0.016,0.338,0.329,0.009,44.274809160305345,6.903353057199212,11.439842209072978
65, AJ Pollock,64,306,20.915032679738562,34,11.1,8.1,145,47.4,384,15.165876777251185,422,0.297,0.282,0.015,0.536,0.499,0.037,0.375,0.359,0.016,44.13793103448276,8.854166666666668,16.666666666666664
66, Will Smith,74,324,22.839506172839506,35,10.8,7.0,142,43.8,414,14.770459081836327,501,0.258,0.25,0.008,0.495,0.472,0.023,0.364,0.364,0.0,52.112676056338024,8.454106280193237,17.874396135265698
67, Eduardo Escobar,68,426,15.96244131455399,38,8.9,6.3,147,34.5,549,11.352253756260435,599,0.253,0.249,0.004,0.472,0.453,0.0189999999999999,0.334,0.328,0.006,46.25850340136054,6.9216757741347905,12.386156648451731
68, Luis Urías,78,378,20.634920634920633,35,9.3,6.1,153,40.5,490,13.684210526315791,570,0.249,0.241,0.008,0.445,0.427,0.018,0.34,0.333,0.007,50.98039215686274,7.142857142857142,15.918367346938775
69, Avisaíl García,77,345,22.318840579710145,42,12.2,8.2,160,46.4,462,14.951456310679612,515,0.262,0.278,-0.016,0.49,0.514,-0.024,0.346,0.366,-0.02,48.125,9.090909090909092,16.666666666666664
70, Willy Adames,75,342,21.929824561403507,39,11.4,7.0,153,44.7,497,13.513513513513514,555,0.262,0.236,0.026,0.481,0.438,0.0429999999999999,0.349,0.325,0.0239999999999999,49.01960784313725,7.847082494969819,15.090543259557343
71, Mookie Betts,72,385,18.7012987012987,30,7.8,5.5,158,41.0,466,13.090909090909092,550,0.264,0.263,0.001,0.487,0.445,0.0419999999999999,0.365,0.357,0.008,45.56962025316456,6.437768240343347,15.450643776824036
72, Omar Narváez,40,313,12.779552715654951,16,5.1,3.6,80,25.6,391,8.98876404494382,445,0.266,0.235,0.031,0.402,0.369,0.033,0.322,0.304,0.018,50.0,4.092071611253197,10.230179028132993
73, Justin Turner,96,441,21.768707482993197,35,7.9,5.7,187,42.4,534,15.686274509803921,612,0.278,0.27,0.008,0.471,0.47,0.001,0.358,0.359,-0.001,51.33689839572193,6.5543071161048685,17.97752808988764
74, Trea Turner,100,489,20.449897750511248,36,7.4,5.6,226,46.2,595,15.479876160990713,646,0.328,0.304,0.024,0.536,0.485,0.051,0.386,0.364,0.022,44.24778761061947,6.050420168067227,16.80672268907563
75, Corey Seager,72,290,24.82758620689655,36,12.4,8.8,143,49.3,354,17.6039119804401,409,0.306,0.295,0.011,0.521,0.53,-0.009,0.389,0.392,-0.003,50.349650349650354,10.16949152542373,20.33898305084746
76, Max Muncy,87,378,23.015873015873016,61,16.1,10.3,176,46.6,497,14.695945945945946,592,0.249,0.271,-0.022,0.527,0.58,-0.0529999999999999,0.379,0.407,-0.0279999999999999,49.43181818181818,12.273641851106639,17.50503018108652
77, Eric Hosmer,105,413,25.423728813559322,24,5.8,4.2,194,47.0,509,18.58407079646018,565,0.269,0.268,0.001,0.395,0.406,-0.011,0.319,0.326,-0.007,54.123711340206185,4.715127701375246,20.6286836935167
78, Buster Posey,49,310,15.806451612903224,25,8.1,5.5,122,39.4,395,10.79295154185022,454,0.304,0.281,0.0229999999999999,0.499,0.469,0.03,0.379,0.361,0.018,40.16393442622951,6.329113924050633,12.40506329113924
79, LaMonte Wade Jr.,54,254,21.25984251968504,27,10.6,7.1,106,41.7,336,14.173228346456693,381,0.253,0.256,-0.003,0.482,0.475,0.007,0.343,0.347,-0.0039999999999999,50.943396226415096,8.035714285714286,16.071428571428573
80, Wilmer Flores,53,336,15.773809523809524,20,6.0,4.6,119,35.4,389,12.155963302752294,436,0.262,0.238,0.024,0.447,0.4,0.0469999999999999,0.337,0.312,0.025,44.537815126050425,5.141388174807198,13.624678663239074
81, Adam Frazier,64,512,12.5,5,1.0,0.8,129,25.2,577,10.015649452269171,639,0.305,0.288,0.017,0.411,0.376,0.0349999999999999,0.341,0.324,0.017,49.6124031007752,0.8665511265164645,11.091854419410744
82, Wil Myers,49,305,16.065573770491802,23,7.5,4.6,116,38.0,442,9.8,500,0.256,0.218,0.038,0.434,0.37,0.064,0.33,0.295,0.035,42.241379310344826,5.203619909502263,11.085972850678733
83, Jake Cronenworth,85,483,17.598343685300208,35,7.2,5.4,169,35.0,567,13.21928460342146,643,0.266,0.282,-0.0159999999999999,0.46,0.449,0.011,0.341,0.348,-0.0069999999999999,50.29585798816568,6.172839506172839,14.991181657848324
84, Jurickson Profar,50,291,17.18213058419244,8,2.7,1.9,88,30.2,353,12.135922330097088,412,0.227,0.238,-0.0109999999999999,0.32,0.323,-0.003,0.293,0.302,-0.009,56.81818181818182,2.26628895184136,14.164305949008499
85, Trent Grisham,63,348,18.103448275862068,18,5.2,3.4,128,36.8,462,11.954459203036052,527,0.242,0.241,0.001,0.413,0.368,0.0449999999999999,0.32,0.309,0.011,49.21875,3.896103896103896,13.636363636363635
86, Mike Yastrzemski,61,341,17.888563049853374,35,10.3,6.6,134,39.3,468,11.466165413533833,532,0.224,0.221,0.003,0.457,0.431,0.026,0.326,0.318,0.008,45.52238805970149,7.478632478632479,13.034188034188036
87, Kris Bryant,75,380,19.736842105263158,39,10.3,6.7,152,40.0,513,12.798634812286688,586,0.265,0.26,0.005,0.481,0.449,0.0319999999999999,0.356,0.346,0.01,49.34210526315789,7.602339181286549,14.619883040935672
88, Brandon Crawford,77,383,20.10443864229765,44,11.5,8.0,166,43.3,483,14.025500910746814,549,0.298,0.259,0.0389999999999999,0.522,0.492,0.03,0.377,0.356,0.021,46.3855421686747,9.109730848861282,15.942028985507244
89, Manny Machado,134,473,28.32980972515856,63,13.3,9.8,247,52.2,564,20.9375,640,0.278,0.295,-0.0169999999999999,0.489,0.531,-0.042,0.35,0.38,-0.03,54.25101214574899,11.170212765957446,23.75886524822695
90, Fernando Tatis Jr.,86,329,26.13981762917933,70,21.3,12.8,183,55.6,478,15.75091575091575,546,0.282,0.279,0.0029999999999999,0.611,0.617,-0.006,0.403,0.407,-0.0039999999999999,46.994535519125684,14.644351464435147,17.99163179916318
91, Tommy Pham,89,351,25.356125356125357,35,10.0,6.2,167,47.6,475,15.86452762923351,561,0.229,0.258,-0.0289999999999999,0.383,0.443,-0.06,0.318,0.354,-0.0359999999999999,53.293413173652695,7.368421052631578,18.736842105263158
92, Bryan Reynolds,80,444,18.01801801801802,46,10.4,7.1,181,40.8,559,12.38390092879257,646,0.302,0.294,0.008,0.522,0.523,-0.001,0.385,0.386,-0.001,44.19889502762431,8.228980322003578,14.311270125223613
93, Eugenio Suárez,62,339,18.289085545722713,51,15.0,8.9,135,39.8,506,10.801393728222997,574,0.198,0.215,-0.0169999999999999,0.428,0.455,-0.027,0.306,0.326,-0.02,45.925925925925924,10.079051383399209,12.25296442687747
94, Joey Votto,82,325,25.23076923076923,56,17.2,10.5,173,53.2,448,15.384615384615385,533,0.266,0.274,-0.008,0.563,0.592,-0.029,0.391,0.406,-0.015,47.398843930635834,12.5,18.303571428571427
95, Jonathan India,59,396,14.898989898989898,38,9.6,6.0,153,38.6,532,9.350237717908081,631,0.269,0.254,0.015,0.459,0.436,0.023,0.363,0.352,0.011,38.56209150326798,7.142857142857142,11.090225563909774
96, Kevin Newman,78,485,16.082474226804123,8,1.6,1.4,126,26.0,517,14.079422382671481,554,0.226,0.255,-0.0289999999999999,0.309,0.33,-0.021,0.249,0.275,-0.026,61.904761904761905,1.5473887814313347,15.087040618955513
97, Tyler Stephenson,56,280,20.0,15,5.4,3.7,107,38.2,351,13.930348258706468,402,0.286,0.257,0.0289999999999999,0.431,0.391,0.0399999999999999,0.346,0.324,0.0219999999999999,52.336448598130836,4.273504273504273,15.954415954415953
98, Nick Castellanos,82,416,19.71153846153846,44,10.6,7.5,195,46.9,531,14.017094017094017,585,0.309,0.293,0.016,0.576,0.535,0.0409999999999999,0.391,0.374,0.017,42.05128205128205,8.286252354048965,15.44256120527307
99, Aaron Judge,112,397,28.211586901763226,70,17.6,11.1,230,58.4,550,17.69352290679305,633,0.287,0.308,-0.021,0.544,0.594,-0.0499999999999999,0.387,0.418,-0.0309999999999999,48.69565217391305,12.727272727272727,20.363636363636363
100, Anthony Rizzo,86,414,20.77294685990338,32,7.7,5.6,170,41.1,496,14.930555555555555,576,0.248,0.261,-0.013,0.44,0.434,0.006,0.339,0.347,-0.0079999999999999,50.588235294117645,6.451612903225806,17.338709677419356
101, Gleyber Torres,67,361,18.559556786703602,28,7.8,5.4,129,35.7,459,12.984496124031008,516,0.259,0.265,-0.006,0.366,0.423,-0.0569999999999999,0.307,0.331,-0.024,51.93798449612403,6.1002178649237475,14.596949891067537
102, Manuel Margot,79,356,22.191011235955056,18,5.1,3.9,143,40.2,421,17.025862068965516,464,0.254,0.268,-0.014,0.382,0.397,-0.015,0.301,0.318,-0.017,55.24475524475524,4.275534441805226,18.76484560570071
103, Joey Wendle,54,350,15.428571428571427,16,4.6,3.2,121,34.6,460,10.778443113772456,501,0.265,0.238,0.027,0.422,0.356,0.066,0.317,0.286,0.031,44.62809917355372,3.4782608695652173,11.73913043478261
104, Gary Sánchez,56,262,21.374045801526716,36,13.7,8.2,110,42.0,383,12.727272727272727,440,0.204,0.228,-0.024,0.423,0.452,-0.029,0.314,0.336,-0.022,50.90909090909091,9.39947780678851,14.621409921671018
105, Brett Gardner,49,298,16.44295302013423,10,3.4,2.2,98,33.2,387,10.629067245119305,461,0.222,0.219,0.003,0.362,0.322,0.0399999999999999,0.305,0.296,0.009,50.0,2.5839793281653747,12.661498708010335
106, Gio Urshela,66,312,21.153846153846153,25,8.0,5.7,131,42.0,420,14.93212669683258,442,0.267,0.252,0.015,0.419,0.415,0.004,0.309,0.304,0.005,50.38167938931297,5.952380952380952,15.714285714285714
107, Austin Meadows,76,404,18.81188118811881,35,8.7,5.9,153,37.9,518,12.859560067681894,591,0.234,0.24,-0.0059999999999999,0.458,0.425,0.033,0.327,0.326,0.001,49.673202614379086,6.756756756756757,14.671814671814673
108, Nelson Cruz,110,396,27.77777777777778,54,13.6,9.2,208,52.5,514,18.835616438356166,584,0.265,0.264,0.001,0.497,0.512,-0.015,0.346,0.363,-0.017,52.88461538461539,10.505836575875486,21.40077821011673
109, Randy Arozarena,67,364,18.40659340659341,30,8.2,5.0,154,42.3,529,11.092715231788079,604,0.274,0.222,0.052,0.459,0.369,0.09,0.35,0.304,0.0459999999999999,43.506493506493506,5.671077504725898,12.665406427221171
110, Joey Gallo,66,286,23.076923076923077,53,18.5,8.6,130,45.8,499,10.714285714285714,616,0.199,0.202,-0.003,0.458,0.464,-0.006,0.348,0.354,-0.006,50.76923076923077,10.62124248496994,13.226452905811623
111, Giancarlo Stanton,89,356,25.0,56,15.7,9.7,198,56.3,510,15.3713298791019,579,0.273,0.262,0.011,0.516,0.498,0.018,0.37,0.363,0.007,44.94949494949495,10.980392156862745,17.45098039215686
112, Brandon Lowe,79,371,21.293800539083556,52,14.0,8.5,160,43.1,535,12.845528455284553,615,0.247,0.249,-0.002,0.523,0.499,0.024,0.363,0.36,0.003,49.375,9.719626168224298,14.766355140186915
113, Tommy Edman,100,552,18.115942028985508,23,4.2,3.3,194,35.1,641,14.47178002894356,691,0.262,0.274,-0.012,0.387,0.401,-0.014,0.301,0.316,-0.015,51.546391752577314,3.58814352574103,15.600624024960998
114, Harrison Bader,38,284,13.380281690140844,20,7.0,5.0,90,31.7,367,9.476309226932669,401,0.267,0.232,0.035,0.46,0.394,0.066,0.331,0.295,0.036,42.22222222222222,5.449591280653951,10.354223433242508
115, Yadier Molina,59,364,16.208791208791208,19,5.2,4.0,115,31.6,440,12.473572938689218,473,0.252,0.255,-0.003,0.37,0.406,-0.036,0.29,0.306,-0.016,51.30434782608696,4.318181818181818,13.40909090909091
116, Dylan Carlson,59,399,14.786967418546364,28,7.0,4.5,124,31.1,542,9.531502423263328,619,0.266,0.247,0.019,0.437,0.407,0.03,0.336,0.322,0.014,47.58064516129033,5.166051660516605,10.885608856088561
117, Ian Happ,65,312,20.833333333333336,34,10.9,6.4,129,41.3,465,12.149532710280374,535,0.226,0.22,0.006,0.434,0.396,0.0379999999999999,0.328,0.317,0.011,50.3875968992248,7.311827956989248,13.978494623655912
118, Tyler O'Neill,66,318,20.754716981132077,57,17.9,10.6,166,52.2,482,12.290502793296088,537,0.286,0.279,0.0069999999999999,0.56,0.582,-0.0219999999999999,0.384,0.392,-0.008,39.75903614457831,11.825726141078837,13.692946058091287
119, Nolan Arenado,99,504,19.642857142857142,34,6.7,5.2,189,37.5,593,15.160796324655438,653,0.255,0.248,0.007,0.494,0.42,0.074,0.336,0.311,0.025,52.38095238095239,5.733558178752108,16.694772344013494
120, Paul Goldschmidt,118,472,25.0,64,13.6,9.4,239,50.6,604,17.378497790868924,679,0.294,0.293,0.001,0.514,0.575,-0.0609999999999999,0.373,0.397,-0.024,49.37238493723849,10.596026490066226,19.5364238410596
121, Mitch Haniger,105,459,22.875816993464053,58,12.6,8.4,207,45.1,620,15.195369030390736,691,0.253,0.262,-0.009,0.485,0.497,-0.012,0.34,0.353,-0.0129999999999999,50.72463768115942,9.35483870967742,16.93548387096774
122, Ty France,82,471,17.40976645435244,32,6.8,4.9,183,38.9,571,12.615384615384615,650,0.291,0.27,0.0209999999999999,0.445,0.435,0.01,0.353,0.346,0.007,44.80874316939891,5.604203152364273,14.36077057793345
123, J.P. Crawford,77,510,15.098039215686274,12,2.4,1.7,156,30.6,619,11.208151382823871,687,0.273,0.257,0.016,0.376,0.339,0.0369999999999999,0.314,0.298,0.016,49.358974358974365,1.938610662358643,12.439418416801292
124, Jared Walsh,61,381,16.010498687664043,43,11.3,7.4,157,41.3,531,10.427350427350428,585,0.277,0.257,0.02,0.509,0.435,0.074,0.357,0.327,0.0299999999999999,38.853503184713375,8.097928436911488,11.487758945386064
125, Phil Gosselin,45,265,16.9811320754717,9,3.4,2.4,93,35.1,345,12.064343163538874,373,0.261,0.24,0.021,0.362,0.354,0.008,0.297,0.288,0.009,48.38709677419355,2.608695652173913,13.043478260869565
126, Abraham Toro,57,283,20.141342756183743,21,7.4,5.6,96,33.9,335,15.2,375,0.239,0.247,-0.008,0.373,0.416,-0.0429999999999999,0.303,0.323,-0.02,59.375,6.26865671641791,17.01492537313433
127, Kyle Seager,95,446,21.300448430493272,55,12.3,8.2,179,40.1,603,14.17910447761194,670,0.212,0.221,-0.009,0.438,0.452,-0.014,0.308,0.319,-0.011,53.072625698324025,9.12106135986733,15.754560530679933
128, Shohei Ohtani,87,350,24.857142857142858,78,22.3,12.2,187,53.6,537,13.615023474178404,639,0.257,0.269,-0.012,0.592,0.616,-0.024,0.393,0.411,-0.0179999999999999,46.524064171122994,14.52513966480447,16.201117318435752
129, David Fletcher,52,573,9.07504363001745,0,0.0,0.0,90,15.7,626,7.819548872180452,665,0.262,0.273,-0.011,0.324,0.321,0.003,0.273,0.281,-0.008,57.77777777777777,0.0,8.30670926517572
130, Nathaniel Lowe,93,398,23.366834170854272,38,9.5,5.9,181,45.5,558,14.485981308411214,642,0.264,0.236,0.028,0.415,0.401,0.0139999999999999,0.337,0.323,0.014,51.38121546961326,6.810035842293908,16.666666666666664
131, Adolis García,86,391,21.994884910485936,45,11.5,7.2,178,45.5,581,13.826366559485532,622,0.243,0.22,0.0229999999999999,0.454,0.422,0.032,0.314,0.299,0.015,48.31460674157304,7.74526678141136,14.802065404475043
132, José Ramírez,105,470,22.340425531914892,52,11.1,8.2,199,42.4,552,16.50943396226415,636,0.266,0.284,-0.0179999999999999,0.538,0.511,0.027,0.372,0.377,-0.005,52.76381909547738,9.420289855072465,19.021739130434785
133, Amed Rosario,92,434,21.19815668202765,12,2.8,2.0,188,43.5,550,15.646258503401361,588,0.282,0.268,0.0139999999999999,0.409,0.369,0.0399999999999999,0.315,0.301,0.014,48.93617021276596,2.181818181818182,16.727272727272727
134, Myles Straw,53,448,11.830357142857142,6,1.3,0.9,117,26.2,564,8.307210031347962,638,0.271,0.262,0.009,0.348,0.339,0.0089999999999999,0.311,0.308,0.003,45.2991452991453,1.0638297872340425,9.397163120567376
135, Isiah Kiner-Falefa,84,548,15.328467153284672,10,1.8,1.5,158,28.8,635,12.40768094534712,677,0.271,0.267,0.004,0.357,0.349,0.008,0.293,0.292,0.001,53.16455696202531,1.574803149606299,13.228346456692913
136, Nick Solak,60,355,16.901408450704224,23,6.5,4.5,119,33.5,458,11.741682974559687,511,0.242,0.238,0.004,0.362,0.361,0.001,0.299,0.299,0.0,50.42016806722689,5.021834061135371,13.100436681222707
137, Franmil Reyes,53,272,19.485294117647058,46,16.9,9.9,132,48.5,418,11.373390557939913,466,0.254,0.247,0.007,0.522,0.514,0.008,0.354,0.354,0.0,40.15151515151515,11.004784688995215,12.679425837320574
138, Pedro Severino,47,275,17.09090909090909,21,7.6,5.0,106,38.5,379,11.217183770883054,419,0.248,0.249,-0.001,0.383,0.401,-0.018,0.299,0.311,-0.012,44.339622641509436,5.540897097625329,12.401055408970976
139, Teoscar Hernández,91,404,22.524752475247524,56,13.9,9.4,198,49.0,550,15.294117647058824,595,0.296,0.284,0.012,0.524,0.537,-0.013,0.369,0.37,-0.001,45.95959595959596,10.181818181818182,16.545454545454547
140, Bo Bichette,115,507,22.682445759368836,50,9.9,7.2,241,47.5,640,16.666666666666664,690,0.298,0.291,0.007,0.484,0.49,-0.006,0.354,0.355,-0.001,47.71784232365145,7.8125,17.96875
141, Vladimir Guerrero Jr.,127,496,25.60483870967742,75,15.1,10.7,274,55.2,604,18.19484240687679,698,0.311,0.307,0.004,0.601,0.594,0.007,0.419,0.418,0.001,46.35036496350365,12.417218543046356,21.026490066225165
142, Marcus Semien,95,509,18.664047151277014,50,9.8,6.9,210,41.3,652,13.121546961325967,724,0.265,0.245,0.02,0.538,0.455,0.083,0.368,0.333,0.0349999999999999,45.23809523809524,7.668711656441718,14.570552147239264
143, Trey Mancini,82,414,19.806763285024154,43,10.4,7.0,174,42.0,557,13.311688311688311,616,0.255,0.266,-0.011,0.432,0.452,-0.02,0.326,0.341,-0.015,47.12643678160919,7.719928186714542,14.721723518850988
144, Austin Hays,76,385,19.74025974025974,35,9.1,6.6,151,39.2,488,14.366729678638942,529,0.256,0.245,0.011,0.461,0.432,0.029,0.328,0.316,0.012,50.331125827814574,7.172131147540983,15.573770491803279
145, Ryan Mountcastle,79,380,20.789473684210527,45,11.8,7.7,151,39.7,536,13.48122866894198,586,0.255,0.245,0.01,0.487,0.457,0.0299999999999999,0.335,0.326,0.009,52.317880794701985,8.395522388059701,14.738805970149254
146, Cedric Mullins,82,482,17.012448132780083,39,8.1,5.8,190,39.4,602,12.148148148148149,675,0.291,0.272,0.0189999999999999,0.518,0.447,0.071,0.372,0.344,0.028,43.15789473684211,6.4784053156146175,13.621262458471762
147, Corey Dickerson,48,269,17.843866171003718,8,3.0,2.2,96,35.7,336,13.150684931506849,365,0.271,0.25,0.021,0.408,0.376,0.0319999999999999,0.317,0.3,0.017,50.0,2.380952380952381,14.285714285714285
148, Lourdes Gurriel Jr.,92,405,22.71604938271605,39,9.6,7.2,174,43.0,500,17.005545286506468,541,0.276,0.272,0.004,0.466,0.462,0.004,0.333,0.339,-0.006,52.87356321839081,7.8,18.4
149, Randal Grichuk,84,401,20.947630922693268,34,8.5,6.2,165,41.1,512,15.412844036697248,545,0.241,0.234,0.0069999999999999,0.423,0.402,0.0209999999999999,0.3,0.297,0.003,50.90909090909091,6.640625,16.40625
150, Juan Soto,107,414,25.845410628019323,55,13.3,8.4,218,52.7,502,16.36085626911315,654,0.313,0.305,0.008,0.534,0.545,-0.011,0.42,0.429,-0.009,49.08256880733945,10.95617529880478,21.314741035856574
151, Alcides Escobar,26,267,9.737827715355806,8,3.0,2.3,56,21.0,319,7.4498567335243555,349,0.288,0.271,0.0169999999999999,0.404,0.362,0.042,0.325,0.309,0.016,46.42857142857143,2.507836990595611,8.150470219435736
152, Hunter Renfroe,73,397,18.387909319899247,57,14.4,10.0,176,44.3,521,12.762237762237763,572,0.259,0.26,-0.001,0.501,0.506,-0.005,0.344,0.354,-0.01,41.47727272727273,10.9404990403071,14.011516314779271
153, Alex Verdugo,96,453,21.192052980132452,33,7.3,5.5,196,43.3,545,15.894039735099339,604,0.289,0.285,0.004,0.426,0.446,-0.02,0.334,0.342,-0.008,48.97959183673469,6.055045871559633,17.61467889908257
154, José Iglesias,59,409,14.425427872860636,14,3.4,2.7,117,28.6,483,11.545988258317024,511,0.271,0.271,0.0,0.391,0.367,0.024,0.304,0.299,0.005,50.427350427350426,2.898550724637681,12.215320910973086
155, Rafael Devers,112,452,24.778761061946902,68,15.0,10.2,234,51.8,591,16.867469879518072,664,0.279,0.291,-0.0119999999999999,0.538,0.567,-0.0289999999999999,0.373,0.394,-0.021,47.863247863247864,11.505922165820643,18.95093062605753
156, Xander Bogaerts,89,423,21.04018912529551,41,9.7,6.8,182,43.0,529,14.759535655058043,603,0.295,0.28,0.0149999999999999,0.493,0.468,0.0249999999999999,0.368,0.359,0.009,48.9010989010989,7.750472589792061,16.824196597353495
157, Kyle Schwarber,57,274,20.802919708029197,48,17.5,10.2,143,52.2,399,12.101910828025478,471,0.266,0.265,0.001,0.554,0.565,-0.0109999999999998,0.392,0.399,-0.007,39.86013986013986,12.030075187969924,14.285714285714285
158, Enrique Hernández,92,405,22.71604938271605,34,8.4,5.8,175,43.2,509,15.726495726495726,585,0.25,0.253,-0.003,0.449,0.455,-0.006,0.338,0.346,-0.0079999999999999,52.57142857142857,6.679764243614931,18.07465618860511
159, Bobby Dalbec,49,262,18.702290076335878,53,20.2,11.7,126,48.1,417,10.816777041942604,453,0.24,0.236,0.004,0.494,0.522,-0.028,0.334,0.344,-0.0099999999999999,38.88888888888889,12.709832134292565,11.750599520383693
160, Christian Vázquez,58,379,15.303430079155673,10,2.6,2.0,118,31.1,458,11.646586345381527,498,0.258,0.235,0.023,0.352,0.337,0.0149999999999999,0.289,0.276,0.0129999999999999,49.152542372881356,2.1834061135371177,12.663755458515283
161, Josh Bell,109,400,27.250000000000004,35,8.8,6.2,208,52.0,498,19.19014084507042,568,0.261,0.277,-0.016,0.476,0.488,-0.012,0.352,0.367,-0.015,52.40384615384615,7.028112449799197,21.88755020080321
162, J.D. Martinez,94,425,22.11764705882353,53,12.5,8.4,210,49.4,570,14.826498422712934,634,0.286,0.288,-0.002,0.518,0.533,-0.015,0.364,0.374,-0.01,44.761904761904766,9.298245614035087,16.49122807017544
163, Trevor Story,76,392,19.387755102040817,39,9.9,6.6,167,42.6,527,12.773109243697478,595,0.251,0.245,0.006,0.471,0.45,0.0209999999999999,0.341,0.335,0.006,45.50898203592814,7.400379506641366,14.421252371916509
164, José Abreu,106,433,24.480369515011546,44,10.2,6.7,213,49.3,566,16.084977238239755,659,0.261,0.252,0.009,0.481,0.457,0.0239999999999999,0.354,0.349,0.005,49.76525821596244,7.773851590106007,18.727915194346288
165, Jeimer Candelario,88,422,20.85308056872038,38,9.0,6.1,165,39.1,557,14.057507987220447,626,0.271,0.278,-0.007,0.443,0.462,-0.019,0.344,0.356,-0.012,53.333333333333336,6.822262118491921,15.798922800718133
166, Miguel Cabrera,95,363,26.170798898071624,30,8.3,5.7,178,49.0,472,18.06083650190114,526,0.256,0.234,0.0219999999999999,0.386,0.42,-0.0339999999999999,0.305,0.315,-0.01,53.37078651685393,6.3559322033898304,20.127118644067796
167, Jonathan Schoop,100,498,20.080321285140563,34,6.8,5.0,200,40.2,623,14.836795252225517,674,0.278,0.258,0.02,0.435,0.404,0.0309999999999999,0.324,0.311,0.013,50.0,5.457463884430177,16.051364365971107
168, Robbie Grossman,73,410,17.804878048780488,31,7.6,4.6,140,34.1,557,10.879284649776453,671,0.239,0.234,0.0049999999999999,0.415,0.399,0.0159999999999999,0.337,0.334,0.003,52.142857142857146,5.565529622980251,13.10592459605027
169, Miguel Rojas,69,423,16.312056737588655,12,2.8,2.2,139,32.9,495,12.80148423005566,539,0.265,0.249,0.016,0.392,0.345,0.047,0.311,0.292,0.019,49.64028776978417,2.4242424242424243,13.939393939393941
170, James McCann,55,263,20.912547528517113,16,6.1,3.9,107,40.7,376,13.349514563106796,412,0.232,0.224,0.008,0.349,0.344,0.005,0.281,0.284,-0.0029999999999999,51.4018691588785,4.25531914893617,14.627659574468085
171, Joc Pederson,79,317,24.9211356466877,32,10.1,6.7,151,47.6,430,16.424116424116423,481,0.238,0.244,-0.006,0.422,0.441,-0.019,0.315,0.333,-0.018,52.317880794701985,7.441860465116279,18.372093023255815
172, Jeff McNeil,64,329,19.45288753799392,14,4.3,3.3,110,33.4,386,15.023474178403756,426,0.251,0.257,-0.006,0.36,0.387,-0.027,0.301,0.315,-0.014,58.18181818181818,3.6269430051813467,16.580310880829018
173, Christian Yelich,73,289,25.259515570934255,22,7.6,4.6,141,48.8,399,15.368421052631579,475,0.248,0.254,-0.006,0.373,0.392,-0.019,0.325,0.337,-0.012,51.77304964539007,5.513784461152882,18.295739348370926
174, Kolten Wong,59,365,16.164383561643834,20,5.5,4.1,127,34.8,445,11.991869918699187,492,0.272,0.251,0.021,0.447,0.382,0.065,0.337,0.308,0.029,46.45669291338583,4.49438202247191,13.258426966292136
175, Yandy Díaz,83,384,21.614583333333336,27,7.0,5.0,156,40.6,465,15.341959334565619,541,0.256,0.254,0.002,0.387,0.399,-0.012,0.325,0.332,-0.007,53.205128205128204,5.806451612903226,17.8494623655914
176, Jacob Stallings,52,291,17.869415807560138,13,4.5,3.0,106,36.4,374,12.177985948477751,427,0.246,0.245,0.001,0.369,0.369,0.0,0.312,0.314,-0.002,49.056603773584904,3.4759358288770055,13.903743315508022
177, Paul DeJong,42,255,16.470588235294116,27,10.6,6.7,90,35.3,356,10.44776119402985,402,0.197,0.211,-0.0139999999999999,0.39,0.416,-0.0259999999999999,0.293,0.312,-0.019,46.666666666666664,7.584269662921349,11.797752808988763
178, Willson Contreras,69,279,24.731182795698924,31,11.1,6.4,135,48.4,413,14.285714285714285,483,0.237,0.24,-0.003,0.438,0.448,-0.01,0.337,0.346,-0.0089999999999999,51.11111111111111,7.506053268765134,16.707021791767556
179, Harold Ramírez,69,286,24.125874125874127,18,6.3,5.0,135,47.2,340,19.113573407202217,361,0.268,0.269,-0.001,0.398,0.402,-0.004,0.302,0.308,-0.006,51.11111111111111,5.294117647058823,20.294117647058822
180, Matt Chapman,74,336,22.023809523809522,46,13.7,7.4,140,41.7,529,11.89710610932476,622,0.21,0.209,0.001,0.403,0.423,-0.0199999999999999,0.311,0.321,-0.01,52.85714285714286,8.695652173913043,13.988657844990549
181, Alex Bregman,61,299,20.401337792642142,19,6.4,4.8,114,38.1,348,15.25,400,0.27,0.258,0.012,0.422,0.417,0.005,0.336,0.332,0.004,53.50877192982456,5.459770114942529,17.52873563218391
182, Starling Marte,65,371,17.52021563342318,31,8.4,5.9,147,39.6,468,12.357414448669202,526,0.31,0.277,0.0329999999999999,0.458,0.438,0.02,0.364,0.347,0.017,44.21768707482993,6.623931623931624,13.88888888888889
183, Sean Murphy,66,282,23.404255319148938,32,11.3,7.1,120,42.6,393,14.732142857142858,448,0.216,0.24,-0.0239999999999999,0.405,0.441,-0.0359999999999999,0.309,0.337,-0.028,55.00000000000001,8.142493638676845,16.793893129770993
184, Josh Harrison,75,433,17.321016166281755,19,4.4,3.4,141,32.6,505,13.440860215053762,558,0.279,0.278,0.001,0.4,0.42,-0.0199999999999999,0.325,0.333,-0.008,53.191489361702125,3.762376237623762,14.85148514851485
185, Javier Báez,58,321,18.06853582554517,43,13.4,7.9,145,45.2,502,10.603290676416819,547,0.265,0.241,0.024,0.494,0.455,0.0389999999999999,0.344,0.325,0.0189999999999999,40.0,8.565737051792828,11.553784860557768
186, Elias Díaz,52,279,18.63799283154122,22,7.9,5.9,105,37.6,338,14.016172506738545,371,0.246,0.247,-0.001,0.464,0.419,0.045,0.33,0.318,0.012,49.523809523809526,6.508875739644971,15.384615384615385
187, Donovan Solano,44,254,17.322834645669293,19,7.5,5.5,93,36.6,307,12.790697674418606,344,0.28,0.275,0.005,0.404,0.432,-0.0279999999999999,0.324,0.335,-0.011,47.31182795698925,6.188925081433225,14.332247557003258
188, Jean Segura,74,441,16.780045351473923,26,5.9,4.6,165,37.4,515,13.051146384479717,567,0.29,0.266,0.0239999999999999,0.436,0.396,0.0399999999999999,0.338,0.319,0.019,44.84848484848485,5.048543689320388,14.36893203883495
189, DJ LeMahieu,125,508,24.606299212598426,19,3.7,2.8,220,43.5,597,18.409425625920473,679,0.268,0.283,-0.0149999999999999,0.362,0.397,-0.035,0.315,0.34,-0.025,56.81818181818182,3.1825795644891124,20.938023450586265
190, Kyle Farmer,57,392,14.540816326530612,17,4.3,3.2,125,31.9,483,10.775047258979207,529,0.263,0.252,0.011,0.416,0.383,0.0329999999999999,0.316,0.302,0.014,45.6,3.5196687370600417,11.801242236024844
191, Ke'Bryan Hayes,61,277,22.021660649819495,14,5.1,3.5,127,45.8,362,15.404040404040403,396,0.257,0.249,0.008,0.373,0.369,0.004,0.301,0.299,0.002,48.031496062992126,3.867403314917127,16.85082872928177
192, Anthony Santander,69,310,22.258064516129032,26,8.4,5.9,135,43.5,406,15.753424657534246,438,0.241,0.269,-0.028,0.433,0.446,-0.013,0.307,0.328,-0.021,51.11111111111111,6.403940886699508,16.995073891625616
193, Elvis Andrus,81,423,19.148936170212767,9,2.1,1.7,147,34.8,497,14.972273567467653,541,0.243,0.273,-0.03,0.32,0.375,-0.0549999999999999,0.27,0.308,-0.0379999999999999,55.10204081632652,1.8108651911468814,16.297786720321934
194, Jed Lowrie,82,353,23.229461756373937,33,9.3,6.4,162,45.9,458,16.015625,512,0.245,0.259,-0.014,0.398,0.464,-0.066,0.311,0.343,-0.032,50.617283950617285,7.20524017467249,17.903930131004365
195, Jesse Winker,78,348,22.413793103448278,39,11.2,8.0,164,47.1,423,16.082474226804123,485,0.305,0.295,0.01,0.556,0.524,0.032,0.403,0.39,0.013,47.5609756097561,9.219858156028367,18.439716312056735
196, Nick Ahmed,44,333,13.213213213213212,8,2.4,1.7,93,27.9,435,9.30232558139535,473,0.221,0.208,0.013,0.339,0.29,0.049,0.269,0.249,0.02,47.31182795698925,1.839080459770115,10.114942528735632
197, Jason Heyward,60,255,23.52941176470588,12,4.7,3.4,108,42.4,323,16.997167138810198,353,0.214,0.234,-0.02,0.347,0.367,-0.02,0.275,0.294,-0.0189999999999999,55.55555555555556,3.7151702786377707,18.575851393188856
198, Tyler Naquin,52,308,16.883116883116884,32,10.4,7.0,128,41.6,411,11.45374449339207,454,0.27,0.264,0.006,0.477,0.459,0.0179999999999999,0.345,0.34,0.0049999999999999,40.625,7.785888077858881,12.652068126520682
199, Jesús Aguilar,78,363,21.487603305785125,31,8.5,6.1,149,41.0,450,15.294117647058824,510,0.261,0.26,0.001,0.459,0.453,0.006,0.334,0.334,0.0,52.348993288590606,6.888888888888889,17.333333333333336
200, Rhys Hoskins,59,283,20.848056537102476,48,17.0,10.8,131,46.3,389,13.31828442437923,443,0.247,0.249,-0.002,0.53,0.564,-0.0339999999999999,0.364,0.378,-0.014,45.038167938931295,12.339331619537274,15.167095115681233
201, Maikel Franco,55,313,17.57188498402556,16,5.1,4.0,106,33.9,377,13.647642679900745,403,0.21,0.224,-0.014,0.355,0.344,0.011,0.263,0.27,-0.007,51.886792452830186,4.244031830238726,14.588859416445624
202, Starlin Castro,51,257,19.844357976653697,14,5.4,4.0,103,40.1,315,14.739884393063585,346,0.283,0.272,0.0109999999999999,0.375,0.412,-0.0369999999999999,0.309,0.324,-0.015,49.51456310679612,4.444444444444445,16.19047619047619
